,Rollno,Name,English,Maths,Science,Hindi,Punjabi,Total,Percentage
0,1001,Aman,55,61,72,81,91,360,72.0
1,1002,Sachin,61,70,80,90,82,383,76.6
2,1003,Rohit,63,40,31,41,31,206,41.199999999999996
3,1004,Mohit,71,29,40,39,40,219,43.8
4,1005,Pooja,93,51,52,61,62,319,63.800000000000004
5,1006,Kiran,83,73,72,91,92,411,82.19999999999999
6,1007,Prerna,80,73,72,92,91,408,81.6
7,1008,Puri,91,74,82,92,81,420,84.0
8,1009,Mohit,91,75,81,92,81,420,84.0
9,1010,Abhay,81,81,91,91,92,436,87.2
